{
  "transformer": {
    "float32,float32": [
      214675968.0,
      244283076.92307693,
      58808888.88888889
    ],
    "float16,float16": [
      64061952.0,
      122584615.38461539,
      29491747.08085482
    ],
    "float8,float8": [
      41280000.0,
      122584615.38461539,
      14852540.207094073
    ],
    "int8,int8": [
      10524364.8,
      61735384.61538462,
      14852540.207094073
    ],
    "float32,ternary": [
      60142080.0,
      130855384.61538464,
      31502222.222222224
    ],
    "float16,ternary": [
      23953920.0,
      65870769.23076924,
      15847437.761621501
    ],
    "float8,ternary": [
      16507392.0,
      65870769.23076924,
      8030385.547477417
    ],
    "int8,ternary": [
      2266828.8000000003,
      33378461.538461544,
      8030385.547477417
    ]
  },
  "particletransformer": {
    "float32,float32": [
      422343168.0,
      480590769.2307692,
      115697777.77777778
    ],
    "float16,float16": [
      125501952.0,
      240738461.53846154,
      57917391.49592421
    ],
    "float8,float8": [
      80601600.0,
      240738461.53846154,
      29065362.41462877
    ],
    "int8,int8": [
      19986124.800000004,
      120812307.6923077,
      29065362.41462877
    ],
    "float32,ternary": [
      106836480.0,
      249009230.76923078,
      59946666.66666667
    ],
    "float16,ternary": [
      43614720.0,
      124947692.30769232,
      30060259.9691562
    ],
    "float8,ternary": [
      30024192.0,
      124947692.30769232,
      15136796.651244765
    ],
    "int8,ternary": [
      3126988.8000000003,
      62916923.07692308,
      15136796.651244765
    ]
  },
  "llocatransformer": {
    "float32,float32": [
      304216109.08,
      346172176.923077,
      83337746.2962963
    ],
    "float16,float16": [
      91462754.0,
      174264165.3846154,
      41925131.144892424
    ],
    "float8,float8": [
      59281574.24,
      174264165.3846154,
      21246176.683557317
    ],
    "int8,int8": [
      15836981.564000001,
      88310159.61538462,
      21246176.683557317
    ],
    "float32,ternary": [
      82211813.4,
      183221284.61538464,
      44108827.77777778
    ],
    "float16,ternary": [
      33843318.480000004,
      92788719.23076925,
      22323635.837555993
    ],
    "float8,ternary": [
      23693099.36,
      92788719.23076925,
      11445429.029889107
    ],
    "int8,ternary": [
      3974156.6040000003,
      47572436.53846154,
      11445429.029889107
    ]
  },
  "lorentztransformer": {
    "float32,float32": [
      285116682.24,
      324438646.15384614,
      78105600.0
    ],
    "float16,float16": [
      86945011.2,
      164312861.5384615,
      39531321.61269002
    ],
    "float8,float8": [
      56969464.32000001,
      164312861.5384615,
      20269660.80634501
    ],
    "int8,int8": [
      16502476.032000002,
      84249969.23076923,
      20269660.80634501
    ],
    "float32,ternary": [
      90403983.36,
      181519753.84615383,
      43699200.0
    ],
    "float16,ternary": [
      36408890.879999995,
      92853415.38461538,
      22339491.870456044
    ],
    "float8,ternary": [
      25755978.240000002,
      92853415.38461538,
      11673745.935228022
    ],
    "int8,ternary": [
      6097980.671999999,
      48520246.15384615,
      11673745.935228022
    ]
  },
  "lgatr": {
    "float32,float32": [
      1706670051.84,
      1942046030.7692306,
      467529600.0
    ],
    "float16,float16": [
      506264463.36,
      972099692.3076923,
      233869667.15135488
    ],
    "float8,float8": [
      324690508.8,
      972099692.3076923,
      117194033.57567744
    ],
    "int8,int8": [
      79565670.14400001,
      487126523.076923,
      117194033.57567744
    ],
    "float32,ternary": [
      418436928.0,
      996484430.7692308,
      239894400.0
    ],
    "float16,ternary": [
      171913881.6,
      499318892.3076923,
      120127293.58889624
    ],
    "float8,ternary": [
      118179855.35999998,
      499318892.3076923,
      60322846.79444812
    ],
    "int8,ternary": [
      10728785.664,
      250736123.07692304,
      60322846.79444812
    ]
  }
}
