{
  "transformer": {
    "float32,float32": [
      214675968.0,
      244283076.92307693,
      58808888.88888889
    ],
    "float16,float16": [
      64061952.0,
      122584615.38461539,
      29491747.08085482
    ],
    "float8,float8": [
      42662400.0,
      122584615.38461539,
      15740841.595064994
    ],
    "int8,int8": [
      13773004.8,
      65427692.307692304,
      15740841.595064994
    ],
    "float32,ternary": [
      60142080.0,
      130855384.61538464,
      31502222.222222224
    ],
    "float16,ternary": [
      23953920.0,
      65870769.23076924,
      15847437.761621501
    ],
    "float8,ternary": [
      17889792.0,
      65870769.23076924,
      8918686.935448335
    ],
    "int8,ternary": [
      5515468.800000001,
      37070769.23076923,
      8918686.935448335
    ]
  },
  "particletransformer": {
    "float32,float32": [
      422343168.0,
      480590769.2307692,
      115697777.77777778
    ],
    "float16,float16": [
      125501952.0,
      240738461.53846154,
      57917391.49592421
    ],
    "float8,float8": [
      81984000.0,
      240738461.53846154,
      29953663.80259969
    ],
    "int8,int8": [
      23234764.800000004,
      124504615.38461538,
      29953663.80259969
    ],
    "float32,ternary": [
      106836480.0,
      249009230.76923078,
      59946666.66666667
    ],
    "float16,ternary": [
      43614720.0,
      124947692.30769232,
      30060259.9691562
    ],
    "float8,ternary": [
      31406592.0,
      124947692.30769232,
      16025098.039215684
    ],
    "int8,ternary": [
      6375628.800000001,
      66609230.76923077,
      16025098.039215684
    ]
  },
  "llocatransformer": {
    "float32,float32": [
      303987959.08,
      345912561.53846157,
      83275246.2962963
    ],
    "float16,float16": [
      91234604.0,
      174004550.0,
      41862631.144892424
    ],
    "float8,float8": [
      60435824.24,
      174004550.0,
      22071978.071528237
    ],
    "int8,int8": [
      18857471.564000003,
      91742851.92307693,
      22071978.071528237
    ],
    "float32,ternary": [
      81983663.4,
      182961669.23076925,
      44046327.77777778
    ],
    "float16,ternary": [
      33615168.480000004,
      92529103.84615387,
      22261135.837555993
    ],
    "float8,ternary": [
      24847349.36,
      92529103.84615387,
      12271230.417860026
    ],
    "int8,ternary": [
      6994646.604000001,
      51005128.84615385,
      12271230.417860026
    ]
  },
  "lgatr-slim": {
    "float32,float32": [
      285116682.24,
      324438646.15384614,
      78105600.0
    ],
    "float16,float16": [
      86945011.2,
      164312861.5384615,
      39531321.61269002
    ],
    "float8,float8": [
      59791219.2,
      164312861.5384615,
      22082861.599471245
    ],
    "int8,int8": [
      23133600.0,
      91786707.69230768,
      22082861.599471245
    ],
    "float32,ternary": [
      90403983.36,
      181519753.84615383,
      43699200.0
    ],
    "float16,ternary": [
      36408890.879999995,
      92853415.38461538,
      22339491.870456044
    ],
    "float8,ternary": [
      28577733.120000005,
      92853415.38461538,
      13486946.72835426
    ],
    "int8,ternary": [
      12729104.64,
      56056984.61538462,
      13486946.72835426
    ]
  },
  "lgatr": {
    "float32,float32": [
      1706670051.84,
      1942046030.7692306,
      467529600.0
    ],
    "float16,float16": [
      506264463.36,
      972099692.3076923,
      233869667.15135488
    ],
    "float8,float8": [
      328796236.79999995,
      972099692.3076923,
      119832288.69795106
    ],
    "int8,int8": [
      89214130.94400002,
      498092676.92307687,
      119832288.69795106
    ],
    "float32,ternary": [
      418436928.0,
      996484430.7692308,
      239894400.0
    ],
    "float16,ternary": [
      171913881.6,
      499318892.3076923,
      120127293.58889624
    ],
    "float8,ternary": [
      122285583.36000001,
      499318892.3076923,
      62961101.91672175
    ],
    "int8,ternary": [
      20377246.464,
      261702276.92307687,
      62961101.91672175
    ]
  }
}
