{
  "transformer": {
    "float32,float32": [
      147703296.0,
      168073846.15384614,
      40462222.222222224
    ],
    "float16,float16": [
      44247552.0,
      84480000.0,
      20324476.756994933
    ],
    "float8,float8": [
      29981184.0,
      84480000.0,
      11157206.433135051
    ],
    "int8,int8": [
      10721587.200000001,
      46375384.61538462,
      11157206.433135051
    ],
    "float32,ternary": [
      44680704.0,
      92455384.61538462,
      22257777.777777776
    ],
    "float16,ternary": [
      17508864.0,
      46670769.23076923,
      11228270.544172723
    ],
    "float8,ternary": [
      13466112.0,
      46670769.23076923,
      6609103.326723947
    ],
    "int8,ternary": [
      5216563.199999999,
      27470769.230769232,
      6609103.326723947
    ]
  },
  "particletransformer": {
    "float32,float32": [
      422343168.0,
      480590769.2307692,
      115697777.77777778
    ],
    "float16,float16": [
      125501952.0,
      240738461.53846154,
      57917391.49592421
    ],
    "float8,float8": [
      81984000.0,
      240738461.53846154,
      29953663.80259969
    ],
    "int8,int8": [
      23234764.800000004,
      124504615.38461538,
      29953663.80259969
    ],
    "float32,ternary": [
      106836480.0,
      249009230.76923078,
      59946666.66666667
    ],
    "float16,ternary": [
      43614720.0,
      124947692.30769232,
      30060259.9691562
    ],
    "float8,ternary": [
      31406592.0,
      124947692.30769232,
      16025098.039215684
    ],
    "int8,ternary": [
      6375628.800000001,
      66609230.76923077,
      16025098.039215684
    ]
  },
  "llocatransformer": {
    "float32,float32": [
      156531267.88,
      178119330.76923075,
      42880579.62962964
    ],
    "float16,float16": [
      47608364.0,
      90107934.61538462,
      21678647.0074172
    ],
    "float8,float8": [
      32515030.64,
      90107934.61538462,
      11979986.002790628
    ],
    "int8,int8": [
      12139030.604000002,
      49794544.23076924,
      11979986.002790628
    ],
    "float32,ternary": [
      47732099.88,
      98260869.23076925,
      23655394.44444444
    ],
    "float16,ternary": [
      19370412.0,
      50178703.84615385,
      12072407.747668352
    ],
    "float8,ternary": [
      15073942.64,
      50178703.84615385,
      7176866.372916206
    ],
    "int8,ternary": [
      6325334.603999999,
      29829928.846153844,
      7176866.372916206
    ]
  },
  "lorentztransformer": {
    "float32,float32": [
      187414456.32,
      213261784.6153846,
      51340800.0
    ],
    "float16,float16": [
      58039027.2,
      108724430.76923075,
      26157766.556510244
    ],
    "float8,float8": [
      41291389.44,
      108724430.76923075,
      15396084.07138136
    ],
    "int8,int8": [
      18682078.464,
      63992492.30769232,
      15396084.07138136
    ],
    "float32,ternary": [
      67457525.76,
      125213538.46153846,
      30144000.0
    ],
    "float16,ternary": [
      26905167.36,
      64700307.692307696,
      15566371.447455386
    ],
    "float8,ternary": [
      22061652.48,
      64700307.692307696,
      10100386.516853932
    ],
    "int8,ternary": [
      12272166.144,
      41980430.76923077,
      10100386.516853932
    ]
  },
  "lgatr": {
    "float32,float32": [
      1706670051.84,
      1942046030.7692306,
      467529600.0
    ],
    "float16,float16": [
      506264463.36,
      972099692.3076923,
      233869667.15135488
    ],
    "float8,float8": [
      328796236.79999995,
      972099692.3076923,
      119832288.69795106
    ],
    "int8,int8": [
      89214130.94400002,
      498092676.92307687,
      119832288.69795106
    ],
    "float32,ternary": [
      418436928.0,
      996484430.7692308,
      239894400.0
    ],
    "float16,ternary": [
      171913881.6,
      499318892.3076923,
      120127293.58889624
    ],
    "float8,ternary": [
      122285583.36000001,
      499318892.3076923,
      62961101.91672175
    ],
    "int8,ternary": [
      20377246.464,
      261702276.92307687,
      62961101.91672175
    ]
  },
  "transformer_200k": {
    "float32,float32": [
      13541632.0,
      15409230.76923077,
      3709629.629629629
    ],
    "float16,float16": [
      4097792.0,
      7778461.538461539,
      1871378.4240287873
    ],
    "float8,float8": [
      2899712.0,
      7778461.538461539,
      1101517.2211206579
    ],
    "int8,int8": [
      1282304.0,
      4578461.538461539,
      1101517.2211206579
    ],
    "float32,ternary": [
      4956416.0,
      9107692.307692308,
      2192592.592592593
    ],
    "float16,ternary": [
      1869568.0,
      4627692.307692308,
      1113361.2396269366
    ],
    "float8,ternary": [
      1523456.0,
      4627692.307692308,
      722508.6289197325
    ],
    "int8,ternary": [
      823552.0,
      3003076.9230769225,
      722508.6289197325
    ]
  },
  "transformer_20k": {
    "float32,float32": [
      2000960.0,
      2276923.076923077,
      548148.1481481482
    ],
    "float16,float16": [
      614848.0,
      1156923.076923077,
      278340.30990673415
    ],
    "float8,float8": [
      462784.0,
      1156923.076923077,
      180627.15722993313
    ],
    "int8,int8": [
      257497.59999999998,
      750769.2307692306,
      180627.15722993313
    ],
    "float32,ternary": [
      927808.0,
      1489230.7692307695,
      358518.5185185185
    ],
    "float16,ternary": [
      336320.0,
      763076.9230769231,
      183588.16185650288
    ],
    "float8,ternary": [
      290752.0,
      763076.9230769231,
      133251.0832048175
    ],
    "int8,ternary": [
      200153.59999999998,
      553846.1538461539,
      133251.0832048175
    ]
  },
  "transformer_2k": {
    "float32,float32": [
      327184.0,
      372307.69230769237,
      89629.62962962962
    ],
    "float16,float16": [
      102512.0,
      190769.23076923078,
      45897.04046412572
    ],
    "float8,float8": [
      82928.0,
      190769.23076923078,
      33312.77080120437
    ],
    "int8,int8": [
      56489.600000000006,
      138461.53846153847,
      33312.77080120437
    ],
    "float32,ternary": [
      193040.0,
      273846.1538461539,
      65925.92592592593
    ],
    "float16,ternary": [
      67696.0,
      141538.46153846153,
      34053.0219578468
    ],
    "float8,ternary": [
      61424.0,
      141538.46153846153,
      27390.76154806492
    ],
    "int8,ternary": [
      49321.600000000006,
      113846.15384615384,
      27390.76154806492
    ]
  },
  "llocatransformer_200k": {
    "float32,float32": [
      16436811.56,
      18703700.0,
      4502742.592592591
    ],
    "float16,float16": [
      5094060.0,
      9538580.76923077,
      2294866.6935937917
    ],
    "float8,float8": [
      3608749.68,
      9538580.76923077,
      1340437.2818290861
    ],
    "int8,int8": [
      1603580.7480000001,
      5571405.76923077,
      1340437.2818290861
    ],
    "float32,ternary": [
      5887559.72,
      10960561.538461538,
      2638653.703703704
    ],
    "float16,ternary": [
      2356086.24,
      5667011.538461539,
      1363438.273236885
    ],
    "float8,ternary": [
      1917648.24,
      5667011.538461539,
      874723.0716506327
    ],
    "int8,ternary": [
      1039880.268,
      3635621.1538461535,
      874723.0716506327
    ]
  },
  "llocatransformer_20k": {
    "float32,float32": [
      3126858.2800000003,
      3558100.0,
      856579.6296296297
    ],
    "float16,float16": [
      996268.0,
      1836550.0,
      441858.48326846334
    ],
    "float8,float8": [
      731593.84,
      1836550.0,
      271784.3920589459
    ],
    "int8,int8": [
      374283.724,
      1129621.1538461538,
      271784.3920589459
    ],
    "float32,ternary": [
      1302751.4,
      2219207.692307693,
      534253.7037037037
    ],
    "float16,ternary": [
      522835.68,
      1167103.8461538462,
      280802.0391177694
    ],