{
  "transformer": {
    "float32,float32": [
      178896640.0,
      203569230.76923075,
      49007407.4074074
    ],
    "float16,float16": [
      53384960.0,
      102153846.15384616,
      24576455.90071235
    ],
    "float8,float8": [
      35552000.0,
      102153846.15384616,
      13117367.995887494
    ],
    "float8,ternary": [
      14908160.0,
      54892307.692307696,
      7432239.112873613
    ],
    "int8,int8": [
      11477504.000000002,
      54523076.92307692,
      13117367.995887494
    ],
    "int8,ternary": [
      4596224.0,
      30892307.692307696,
      7432239.112873613
    ]
  },
  "particletransformer": {
    "float32,float32": [
      422343168.0,
      480590769.2307692,
      115697777.77777778
    ],
    "float16,float16": [
      125501952.0,
      240738461.53846154,
      57917391.49592421
    ],
    "float8,float8": [
      81984000.0,
      240738461.53846154,
      29953663.80259969
    ],
    "float8,ternary": [
      31406592.0,
      124947692.30769232,
      16025098.039215684
    ],
    "int8,int8": [
      23234764.800000004,
      124504615.38461538,
      29953663.80259969
    ],
    "int8,ternary": [
      6375628.800000001,
      66609230.76923077,
      16025098.039215684
    ]
  },
  "llocatransformer": {
    "float32,float32": [
      187551555.88,
      213417792.3076923,
      51378357.4074074
    ],
    "float16,float16": [
      56572716.0,
      107584857.69230771,
      25883218.743727207
    ],
    "float8,float8": [
      37912790.64,
      107584857.69230771,
      13892740.158135664
    ],
    "float8,ternary": [
      16342934.64,
      58203319.23076923,
      7952594.751658465
    ],
    "int8,int8": [
      12721891.404000003,
      57745313.46153846,
      13892740.158135664
    ],
    "int8,ternary": [
      5531939.404,
      33054544.230769232,
      7952594.751658465
    ]
  },
  "lgatr-slim": {
    "float32,float32": [
      285116682.24,
      324438646.15384614,
      78105600.0
    ],
    "float16,float16": [
      86945011.2,
      164312861.5384615,
      39531321.61269002
    ],
    "float8,float8": [
      59791219.2,
      164312861.5384615,
      22082861.599471245
    ],
    "float8,ternary": [
      28577733.120000005,
      92853415.38461538,
      13486946.72835426
    ],
    "int8,int8": [
      23133600.0,
      91786707.69230768,
      22082861.599471245
    ],
    "int8,ternary": [
      12729104.64,
      56056984.61538462,
      13486946.72835426
    ]
  }
}
