{
  "transformer": {
    "float32,float32": [
      214675968.0,
      244283076.92307693,
      58808888.88888889
    ],
    "float16,float16": [
      64061952.0,
      122584615.38461539,
      29491747.08085482
    ],
    "float8,float8": [
      41280000.0,
      122584615.38461539,
      14852540.207094073
    ],
    "int8,int8": [
      10524364.8,
      61735384.61538462,
      14852540.207094073
    ],
    "float32,ternary": [
      60142080.0,
      130855384.61538464,
      31502222.222222224
    ],
    "float16,ternary": [
      23953920.0,
      65870769.23076924,
      15847437.761621501
    ],
    "float8,ternary": [
      16507392.0,
      65870769.23076924,
      8030385.547477417
    ],
    "int8,ternary": [
      2266828.8000000003,
      33378461.538461544,
      8030385.547477417
    ]
  },
  "particletransformer": {
    "float32,float32": [
      251179968.0,
      285821538.4615385,
      68808888.8888889
    ],
    "float16,float16": [
      74861952.0,
      143353846.15384617,
      34488442.38819124
    ],
    "float8,float8": [
      48192000.0,
      143353846.15384617,
      17350887.860762283
    ],
    "int8,int8": [
      12187564.8,
      72120000.00000001,
      17350887.860762283
    ],
    "float32,ternary": [
      68978880.0,
      152086153.84615386,
      36613333.333333336
    ],
    "float16,ternary": [
      27573120.0,
      76486153.84615386,
      18401304.252037894
    ],
    "float8,ternary": [
      18984192.0,
      76486153.84615386,
      9307318.792685613
    ],
    "int8,ternary": [
      2451628.8000000003,
      38686153.84615385,
      9307318.792685613
    ]
  },
  "llocatransformer": {
    "float32,float32": [
      303987959.08,
      345912561.53846157,
      83275246.2962963
    ],
    "float16,float16": [
      91234604.0,
      174004550.0,
      41862631.144892424
    ],
    "float8,float8": [
      59053424.24,
      174004550.0,
      21183676.683557317
    ],
    "int8,int8": [
      15608831.564000001,
      88050544.23076925,
      21183676.683557317
    ],
    "float32,ternary": [
      81983663.4,
      182961669.23076925,
      44046327.77777778
    ],
    "float16,ternary": [
      33615168.480000004,
      92529103.84615387,
      22261135.837555993
    ],
    "float8,ternary": [
      23464949.36,
      92529103.84615387,
      11382929.029889107
    ],
    "int8,ternary": [
      3746006.6040000003,
      47312821.15384616,
      11382929.029889107
    ]
  },
  "lorentztransformer": {
    "float32,float32": [
      285116682.24,
      324438646.15384614,
      78105600.0
    ],
    "float16,float16": [
      86945011.2,
      164312861.5384615,
      39531321.61269002
    ],
    "float8,float8": [
      56969464.32000001,
      164312861.5384615,
      20269660.80634501
    ],
    "int8,int8": [
      16502476.032000002,
      84249969.23076923,
      20269660.80634501
    ],
    "float32,ternary": [
      90403983.36,
      181519753.84615383,
      43699200.0
    ],
    "float16,ternary": [
      36408890.879999995,
      92853415.38461538,
      22339491.870456044
    ],
    "float8,ternary": [
      25755978.240000002,
      92853415.38461538,
      11673745.935228022
    ],
    "int8,ternary": [
      6097980.671999999,
      48520246.15384615,
      11673745.935228022
    ]
  },
  "lgatr": {
    "float32,float32": [
      1706670051.84,
      1942046030.7692306,
      467529600.0
    ],
    "float16,float16": [
      506264463.36,
      972099692.3076923,
      233869667.15135488
    ],
    "float8,float8": [
      324690508.8,
      972099692.3076923,
      117194033.57567744
    ],
    "int8,int8": [
      79565670.14400001,
      487126523.076923,
      117194033.57567744
    ],
    "float32,ternary": [
      418436928.0,
      996484430.7692308,
      239894400.0
    ],
    "float16,ternary": [
      171913881.6,
      499318892.3076923,
      120127293.58889624
    ],
    "float8,ternary": [
      118179855.35999998,
      499318892.3076923,
      60322846.79444812
    ],
    "int8,ternary": [
      10728785.664,
      250736123.07692304,
      60322846.79444812
    ]
  }
}
